record,case,policy,classification,local_nats,rounding_nats,arithmetic_nats,gradient_abs,gradient_scaled,mixed_local_nats,mixed_gradient_abs,reconstruction_relative,data_seed,repeat,sampler_seed,summary,divergences,max_depth_hits,mean,sd,rhat,ess_bulk,ess_tail,mcse_mean,mcse_sd,q05,q95,truth,analytic_sd,mean_shift_reference_sd,mean_ci_low,mean_ci_high,mean_margin,sd_ratio,sd_ratio_ci_low,sd_ratio_ci_high,target_warmed_seconds,sampling_warmed_seconds,ess_per_second,peak_rss_bytes,input_bytes,sample_bytes
target,ordinary,fp32,within_budget,1.5488674989683204e-05,5.175417072678101e-08,1.5436920818956423e-05,7.823500979498021e-06,4.277472861806982e-07,4.96443533393176e-07,7.823500979498021e-06,6.0297891679717e-08,,,,,,,,,,,,,,,,,,,,,,,,,,,,,,
target,high_count,fp32,outside_budget,240.44988226890564,0.2688412666320801,240.5154128074646,39.298539355397224,8.429852182638166e-07,1.1728403568267822,25.360852599143982,6.0297891679717e-08,,,,,,,,,,,,,,,,,,,,,,,,,,,,,,
target,strong_smoothing,fp32,outside_budget,0.16655151383019984,0.14547033398412168,0.14452323107980192,4.625338861718774,3.354247367125446e-07,4.975590854883194e-07,4.148641012609005,6.0297891679717e-08,,,,,,,,,,,,,,,,,,,,,,,,,,,,,,
target,larger_grid,fp32,within_budget,0.0024326543862116523,8.605638868175447e-08,0.002432631536066765,0.00039010940366779323,1.0733217388118813e-06,6.089401722420007e-06,0.00042062698179279323,6.572706445773235e-08,,,,,,,,,,,,,,,,,,,,,,,,,,,,,,
saved_pilot_points,spline,fp32,within_budget,2.8343602821223612e-05,5.066266908215766e-07,2.831587755736109e-05,5.512074098490416e-06,3.0445880328263736e-06,1.2174938319731154e-06,8.592228274650893e-06,,2718,,,,,,,,,,,,,,,,,,,,,,,,,,,,,
saved_pilot_points,spline,fp32,outside_budget,0.008039339797619505,0.003833685452661939,0.004205654344957566,0.01647690585792344,0.01647690585792344,1.676007508422117e-05,0.0063092963479221,,2719,,,,,,,,,,,,,,,,,,,,,,,,,,,,,
saved_pilot_points,spline,fp32,outside_budget,0.0003534941184852869,0.00023799549097702766,0.00011549862750825923,0.0015756807753746216,0.000201763571090072,4.757503859309509e-06,0.0006448946425621216,,2720,,,,,,,,,,,,,,,,,,,,,,,,,,,,,
saved_pilot_points,spline,fp32,outside_budget,0.08328458021810548,0.026151401966899357,0.05713317825120612,0.16707235371129192,0.11020124783263674,1.0337918297409487e-05,0.044552122395657534,,2721,,,,,,,,,,,,,,,,,,,,,,,,,,,,,
saved_pilot_points,spline,fp32,outside_budget,0.015197053020699514,0.008349489319186887,0.007966227190934205,0.03037296264928674,0.03037296264928674,1.0812077903210593e-05,0.007700189595652773,,2722,,,,,,,,,,,,,,,,,,,,,,,,,,,,,
pilot,constant,fp64,,,,,,,,,,2718,0,10000,log_spectrum,0,0,0.2706536086859173,0.29041901516561414,1.0006386341305114,1452.3691574526242,1334.270138728473,0.007709614560927678,0.00574369761074962,-0.18455469930009968,0.7713033059756995,0.26538852112639777,0.29479123608372143,,,,,,,,,,,,,
pilot,constant,fp64,,,,,,,,,,2718,0,10000,spectrum,0,0,1.3688332390835198,0.42454818267721334,1.0006045073491954,1452.3691574526242,1334.270138728473,0.011923063882015403,0.014593323292318395,0.8314744575854027,2.1625832064211283,1.3636363636363635,0.4312196809320517,,,,,,,,,,,,,
pilot,constant,fp32,,,,,,,,,,2718,1,10010,log_spectrum,0,0,0.2514339033579092,0.29840080140557285,1.003549147023808,1164.962266560793,1147.7627273664057,0.008677048972693818,0.006524441647229114,-0.21015477059038382,0.7622030944951259,0.26538852112639777,0.29479123608372143,,,,,,,,,,,,,
pilot,constant,fp32,,,,,,,,,,2718,1,10010,spectrum,0,0,1.3464671534150838,0.434452090447245,1.003549147023808,1164.962266560793,1147.7627273664057,0.012507045054978516,0.015325903252880503,0.8104588031768799,2.1429923176765433,1.3636363636363635,0.4312196809320517,,,,,,,,,,,,,
pilot,spline,fp64,,,,,,,,,,2718,0,10100,log_psd_0,202,0,0.28761421435826534,0.26643722268784786,1.0667769373216323,51.82211877809843,52.53022402115768,0.03701465360253912,0.022980152560625813,-0.17033889520532342,0.7048824533465469,0.0,,,,,,,,,,,,,,
pilot,spline,fp64,,,,,,,,,,2718,0,10100,log_psd_48,202,0,0.25027626772360073,0.0910898723678371,1.019426120926515,197.78704711350665,477.8594107029773,0.0065138718891371876,0.004361763567329329,0.11572550411756191,0.4133935254588535,-0.010342253040133656,,,,,,,,,,,,,,
pilot,spline,fp64,,,,,,,,,,2718,0,10100,log_psd_95,202,0,-0.4385161294507044,0.15221563906246996,1.045218738583399,739.5910805925347,2054.903922192951,0.0053527063047136905,0.004524519578728047,-0.6714336041907084,-0.18225322638271022,-1.1102230246251565e-16,,,,,,,,,,,,,,
pilot,spline,fp64,,,,,,,,,,2718,0,10100,band_power,202,0,1.190007624224016,0.060459879990343565,1.0389232266954636,755.6606466792616,688.5482799956521,0.0022218340010109476,0.0016458527217726292,1.0869699390625436,1.2931732066052035,1.046666599108717,,,,,,,,,,,,,,
pilot,spline,fp64,,,,,,,,,,2718,0,10100,sigma,202,0,0.050707411694880036,0.049446575893031385,1.0684943228607446,58.820358515164685,49.936200523478504,0.003952861826503885,0.006023811734000275,0.0064052026662913975,0.148206245197227,,,,,,,,,,,,,,,
pilot,spline,fp32,,,,,,,,,,2718,1,10110,log_psd_0,108,36,0.30084166710795673,0.2456377586710493,1.0823361932992865,34.96229415364362,150.69674091865528,0.03795966324247981,0.02558824369694972,-0.1301666520535946,0.6558564633131025,0.0,,,,,,,,,,,,,,
pilot,spline,fp32,,,,,,,,,,2718,1,10110,log_psd_48,108,36,0.23402844623564123,0.10301547832825234,1.0971288171173477,33.93241339588506,261.2488706814917,0.017472206552816883,0.010930662696848451,0.08305357446341628,0.4092643925270823,-0.010342253040133656,,,,,,,,,,,,,,
pilot,spline,fp32,,,,,,,,,,2718,1,10110,log_psd_95,108,36,-0.40005491314650865,0.16514460765637995,1.0228868429592808,207.37475753714006,1696.5386608106587,0.011528525301758987,0.007973021839435695,-0.6829985439777374,-0.15301619470119476,-1.1102230246251565e-16,,,,,,,,,,,,,,
pilot,spline,fp32,,,,,,,,,,2718,1,10110,band_power,108,36,1.1839892193874961,0.06234360882634936,1.0214950531821783,212.59336165073677,959.9840641258859,0.00427076710213964,0.003100616871663672,1.0927295821901755,1.291500338355342,1.046666599108717,,,,,,,,,,,,,,
pilot,spline,fp32,,,,,,,,,,2718,1,10110,sigma,108,36,0.04471273903807014,0.0481886266509288,1.1460667920372651,21.279157686223744,29.398378940240633,0.005619011393951885,0.008776530799645518,0.0011919351178221404,0.14135052189230918,,,,,,,,,,,,,,,
pilot,spline,fp64,,,,,,,,,,2718,2,10120,log_psd_0,59,130,0.2615597792968431,0.2578956244072303,1.0455945467064685,69.2736553036422,392.07287786186146,0.030107834756349226,0.01959865881181061,-0.19330044473896296,0.6459754258626208,0.0,,,,,,,,,,,,,,
pilot,spline,fp64,,,,,,,,,,2718,2,10120,log_psd_48,59,130,0.25147007976088315,0.0982393659495631,1.0407177807575798,69.67698589570671,157.34285638572146,0.011491014752043264,0.007833588821089647,0.09064261753918118,0.41631945978051227,-0.010342253040133656,,,,,,,,,,,,,,
pilot,spline,fp64,,,,,,,,,,2718,2,10120,log_psd_95,59,130,-0.4059810302543065,0.17116999654764287,1.0155657652651515,241.46518594683772,118.76394378419997,0.011263144026674901,0.008495822421033694,-0.6769724819723186,-0.10777935344444231,-1.1102230246251565e-16,,,,,,,,,,,,,,
pilot,spline,fp64,,,,,,,,,,2718,2,10120,band_power,59,130,1.1885626767479325,0.06354482814288305,1.00513818296867,1740.7553745093353,1429.75136738663,0.0015319728978105962,0.0010479801503060838,1.088567057448113,1.2962754254883935,1.046666599108717,,,,,,,,,,,,,,
pilot,spline,fp64,,,,,,,,,,2718,2,10120,sigma,59,130,0.05349826298846008,0.05415906300392776,1.0820684160330487,36.77610045763079,23.16230522283776,0.004701722198120417,0.010114132770919737,0.0013155953400617144,0.15522149066619792,,,,,,,,,,,,,,,
pilot,spline,fp64,,,,,,,,,,2719,0,10200,log_psd_0,62,57,0.4146654265289344,0.13506639654445826,1.0106556695349802,348.29412415182435,179.81855236204382,0.00908195320942048,0.013861577003939342,0.20928242391949084,0.5979417609515163,0.0,,,,,,,,,,,,,,
pilot,spline,fp64,,,,,,,,,,2719,0,10200,log_psd_48,62,57,0.06633952449269308,0.05385246361945985,1.0014566854497986,1451.505800509999,827.8443647972701,0.001388093770904539,0.001195173604823682,-0.01788748874027754,0.15263016527549375,-0.010342253040133656,,,,,,,,,,,,,,
pilot,spline,fp64,,,,,,,,,,2719,0,10200,log_psd_95,62,57,-0.2907345431802357,0.10887685904561274,1.006320103134603,1108.9963801107933,769.0271859003544,0.0033840031698706453,0.002998920143440236,-0.45888667117365733,-0.10723779346406008,-1.1102230246251565e-16,,,,,,,,,,,,,,
pilot,spline,fp64,,,,,,,,,,2719,0,10200,band_power,62,57,1.0999791438330742,0.05531853733891793,1.0015586077788794,1215.9588891487424,910.0587124768028,0.0015546597521548995,0.0010905227594937032,1.012922680379569,1.1942786190197088,1.046666599108717,,,,,,,,,,,,,,
pilot,spline,fp64,,,,,,,,,,2719,0,10200,sigma,62,57,0.008059661030404673,0.02497039318536079,1.0699296649853451,83.66286836638929,81.72518724612347,0.003270565356784365,0.011481958660792742,0.0003774411395960693,0.04219082748832518,,,,,,,,,,,,,,,
pilot,spline,fp32,,,,,,,,,,2719,1,10210,log_psd_0,20,11,0.4463297170525184,0.11371605612362369,1.0032415106730201,643.1997554408298,673.9570769858101,0.004804438325495143,0.0047014688830362755,0.2670954972505569,0.6269001692533492,0.0,,,,,,,,,,,,,,
pilot,spline,fp32,,,,,,,,,,2719,1,10210,log_psd_48,20,11,0.07178791783106363,0.053307892248012,1.0026765955992536,1014.2141105766359,1159.6757508685587,0.001664348790743271,0.0012939059791258352,-0.01573485129560774,0.15879592639912563,-0.010342253040133656,,,,,,,,,,,,,,
pilot,spline,fp32,,,,,,,,,,2719,1,10210,log_psd_95,20,11,-0.2985453420617705,0.1054423163725774,1.0041156485292548,818.8077317575371,971.1817743385036,0.0036947407561740047,0.0026036406242514513,-0.4675963997840881,-0.1269158273935318,-1.1102230246251565e-16,,,,,,,,,,,,,,
pilot,spline,fp32,,,,,,,,,,2719,1,10210,band_power,20,11,1.10719814853365,0.05945532942190688,1.0027106933388892,981.675367717102,1100.589035357048,0.001893514740446961,0.0013935625433391813,1.0148040246151544,1.2083236372085684,1.046666599108717,,,,,,,,,,,,,,
pilot,spline,fp32,,,,,,,,,,2719,1,10210,sigma,20,11,0.0032897339786286464,0.011293512160503819,1.040762059928661,132.74880446339603,143.2180570052174,0.0011263112171264664,0.008329360715737451,0.0004289465825422667,0.010019131656736123,,,,,,,,,,,,,,,
pilot,spline,fp64,,,,,,,,,,2720,0,10300,log_psd_0,164,0,0.36263090233765727,0.20651420492975275,1.0416206138076096,64.56213222575829,1373.839546676484,0.02525751534933651,0.01619031196224367,0.018455643722000196,0.6420380798822166,0.0,,,,,,,,,,,,,,
pilot,spline,fp64,,,,,,,,,,2720,0,10300,log_psd_48,164,0,0.08640215670857401,0.08886834239064585,1.0309996774549293,2373.6554593918454,2546.4764554100057,0.0018012529291896746,0.0013639188903983997,-0.05498424592474499,0.24029794329462442,-0.010342253040133656,,,,,,,,,,,,,,
pilot,spline,fp64,,,,,,,,,,2720,0,10300,log_psd_95,164,0,-0.08233543174528055,0.2389463335388911,1.0509329399843466,55.69493777048109,15.563411788730836,0.03102233533115711,0.020608081595326618,-0.5048681715321115,0.3066504718205055,-1.1102230246251565e-16,,,,,,,,,,,,,,
pilot,spline,fp64,,,,,,,,,,2720,0,10300,band_power,164,0,1.1240985636615284,0.05810134212564121,1.0289504433348977,3335.8820555162542,2289.2119922720562,0.0009939703700164765,0.0007881090839035914,1.0289768363354932,1.2229904204096822,1.046666599108717,,,,,,,,,,,,,,
pilot,spline,fp64,,,,,,,,,,2720,0,10300,sigma,164,0,0.10960359074422951,0.07393713088173424,1.062833169481623,44.604159247463,21.2208857786183,0.00811402042421448,0.012491217766936007,0.005562628168639597,0.2378886994143306,,,,,,,,,,,,,,,
pilot,spline,fp32,,,,,,,,,,2720,1,10310,log_psd_0,476,0,0.3355795400669576,0.18156043810261457,1.1487067898043284,45.61927652747584,819.4462996667928,0.02711023802464903,0.021061260102601544,0.047274595126509666,0.6546211093664167,0.0,,,,,,,,,,,,,,
pilot,spline,fp32,,,,,,,,,,2720,1,10310,log_psd_48,476,0,0.0529901605092679,0.09912731174248837,1.2665478805170776,10.985342944972423,531.3647716945702,0.030434443562811705,0.01938642405611239,-0.061079053924205644,0.22616357954579516,-0.010342253040133656,,,,,,,,,,,,,,
pilot,spline,fp32,,,,,,,,,,2720,1,10310,log_psd_95,476,0,-0.15105855465244894,0.23484422014333167,1.2198285772343531,12.936356592892205,95.91148070319667,0.067997658923928,0.04784577300522557,-0.4322774901986122,0.27160606235265716,-1.1102230246251565e-16,,,,,,,,,,,,,,
pilot,spline,fp32,,,,,,,,,,2720,1,10310,band_power,476,0,1.0852706578814564,0.08687031677743602,1.4667957627078734,7.667375743753014,28.112310381117815,0.033774448070282126,0.017938908004842793,0.9597165062390489,1.2184808625855765,1.046666599108717,,,,,,,,,,,,,,
pilot,spline,fp32,,,,,,,,,,2720,1,10310,sigma,476,0,0.083307536006585,0.08416792664127554,1.5986081813129194,6.754443308880979,13.410581724211635,0.026657153828132617,0.03056580012691077,0.0005340496427379549,0.23623602837324137,,,,,,,,,,,,,,,
pilot,spline,fp64,,,,,,,,,,2721,0,10400,log_psd_0,39,13,0.38600896093576265,0.10796728779436193,1.00834097455456,585.0609235449599,919.023365814834,0.004459455742203036,0.0034664951367753072,0.21110878224755736,0.5577051368601245,0.0,,,,,,,,,,,,,,
pilot,spline,fp64,,,,,,,,,,2721,0,10400,log_psd_48,39,13,-0.03682126790475712,0.05588840966250875,1.0101109974187534,657.8004491883177,345.17993637628405,0.0022034381774008434,0.001682895700529392,-0.12914057209633437,0.052883039654327925,-0.010342253040133656,,,,,,,,,,,,,,
pilot,spline,fp64,,,,,,,,,,2721,0,10400,log_psd_95,39,13,-0.43857379367411053,0.11020497037741261,1.0079488975165671,786.8053447215478,896.3638252244568,0.004004486960266324,0.003529070481100907,-0.6104324054467131,-0.2635785669350072,-1.1102230246251565e-16,,,,,,,,,,,,,,
pilot,spline,fp64,,,,,,,,,,2721,0,10400,band_power,39,13,1.0021411402242013,0.053794564701653724,1.0092073710441019,521.8668677411655,338.36650992160577,0.0023436123069181165,0.0017155415444225482,0.9165149866676936,1.091046257684926,1.046666599108717,,,,,,,,,,,,,,
pilot,spline,fp64,,,,,,,,,,2721,0,10400,sigma,39,13,0.005057727907132615,0.013121579673164427,1.0357533433793233,121.04930327799772,125.88274929481406,0.0011926177030748136,0.005520853996892004,0.0005275268490736091,0.020034741680065412,,,,,,,,,,,,,,,
pilot,spline,fp32,,,,,,,,,,2721,1,10410,log_psd_0,162,3,0.38556490071304145,0.09657993302351654,1.0093462268690396,610.8721428902603,947.8392008579027,0.003928862146134812,0.002923855688711191,0.23544973507523537,0.5511070668697355,0.0,,,,,,,,,,,,,,
pilot,spline,fp32,,,,,,,,,,2721,1,10410,log_psd_48,162,3,-0.03907303247490067,0.048280212707969235,1.0116002136786908,747.2407119380348,1221.4831805290523,0.0017560582346741003,0.0013963922776561088,-0.11825416432398951,0.040304730810376554,-0.010342253040133656,,,,,,,,,,,,,,
pilot,spline,fp32,,,,,,,,,,2721,1,10410,log_psd_95,162,3,-0.44973821031872646,0.09804319634480896,1.0038771610626969,677.3134163588841,926.4154663247139,0.0037119876029860135,0.0027630892139306755,-0.6052616536617279,-0.28346208184957505,-1.1102230246251565e-16,,,,,,,,,,,,,,
pilot,spline,fp32,,,,,,,,,,2721,1,10410,band_power,162,3,0.9979855042317488,0.04800110110081843,1.0173372121586746,695.9438844273125,1163.4701493917773,0.0018075831181718705,0.0014200044855974777,0.9234155455319295,1.0808345486801298,1.046666599108717,,,,,,,,,,,,,,
pilot,spline,fp32,,,,,,,,,,2721,1,10410,sigma,162,3,0.002662994306185283,0.005767780129260243,1.035759022302018,139.34671666177042,118.88317250039367,0.0003636181850973017,0.0018015377183867017,0.000425370509037748,0.008974894601851701,,,,,,,,,,,,,,,
pilot,spline,fp64,,,,,,,,,,2722,0,10500,log_psd_0,139,51,0.553456926149948,0.24420632257895028,1.077239399456157,59.13077974664744,261.9190970248015,0.0348746219066972,0.03900691440611518,0.01074496485319768,0.8175467799978419,0.0,,,,,,,,,,,,,,
pilot,spline,fp64,,,,,,,,,,2722,0,10500,log_psd_48,139,51,0.04938061529611451,0.06291108314427381,1.010459540151854,697.8686291452791,501.37676004530715,0.0024146603570692755,0.0022947185482553203,-0.05228822340270483,0.1504474875425014,-0.010342253040133656,,,,,,,,,,,,,,
pilot,spline,fp64,,,,,,,,,,2722,0,10500,log_psd_95,139,51,-0.49459994041772465,0.1520054145566387,1.0329347477336075,179.3656402980058,289.99121182325604,0.013621211975817008,0.014121363489655767,-0.6989932439672482,-0.2112851207146546,-1.1102230246251565e-16,,,,,,,,,,,,,,
pilot,spline,fp64,,,,,,,,,,2722,0,10500,band_power,139,51,1.1287211869492328,0.05872910543500835,1.0045016525182775,916.1947195082472,1394.7290561941863,0.0019458551149930219,0.0014184942938323722,1.0360862868884195,1.2308690139973608,1.046666599108717,,,,,,,,,,,,,,
pilot,spline,fp64,,,,,,,,,,2722,0,10500,sigma,139,51,0.029259073250914158,0.05792485896689488,1.2947312900982029,11.490657660775527,135.54689898803014,0.009360481721928621,0.018517883142433446,0.0007492324856866568,0.1546320522524199,,,,,,,,,,,,,,,
pilot,spline,fp32,,,,,,,,,,2722,1,10510,log_psd_0,1114,31,0.5703822428261391,0.20522295100523125,1.5778935216981391,110.77079232728305,167.60358196992152,0.0288726849777906,0.040295319082062506,0.09974657110869885,0.7870352536439893,0.0,,,,,,,,,,,,,,
pilot,spline,fp32,,,,,,,,,,2722,1,10510,log_psd_48,1114,31,0.05059303166505842,0.05581597289795849,1.5579440965169973,564.8258183228609,364.7275874968138,0.002267146628198098,0.0024976305740727527,-0.04758579535296201,0.13435709459113593,-0.010342253040133656,,,,,,,,,,,,,,
pilot,spline,fp32,,,,,,,,,,2722,1,10510,log_psd_95,1114,31,-0.5094923128650989,0.12350118911110221,1.57521178622674,337.9822616324483,159.21927584937515,0.007407714038886042,0.00968422055862044,-0.686607825756073,-0.27683193236589465,-1.1102230246251565e-16,,,,,,,,,,,,,,
pilot,spline,fp32,,,,,,,,,,2722,1,10510,band_power,1114,31,1.1238564331764507,0.05081355408838949,1.5251148051107601,595.5028461871553,1384.2219035509702,0.002119036981205549,0.001873503467515815,1.0410619372234644,1.2158661160025404,1.046666599108717,,,,,,,,,,,,,,
pilot,spline,fp32,,,,,,,,,,2722,1,10510,sigma,1114,31,0.021739063325439928,0.048342436343556706,1.6854634079327273,11.435430093251059,25.099267499573326,0.009321108976899136,0.020174839419320273,0.0006712381727993488,0.12689943015575408,,,,,,,,,,,,,,,
pilot_comparison,constant,fp64/fp32,inconclusive,,,,,,,,,2718,,,log_spectrum,,,,,,,,,,,,,,-0.06617922492798167,-0.058212720488909665,0.019773309832893472,0.029041901516561414,1.0274836901964117,0.9305972913800702,1.134457131348411,,,,,,
pilot_comparison,constant,fp64/fp32,inconclusive,,,,,,,,,2718,,,spectrum,,,,,,,,,,,,,,-0.05268209023389245,-0.08041447645091618,0.035682305114044154,0.042454818267721336,1.0233281125067533,0.8672723267019037,1.207464361083638,,,,,,
pilot_comparison,spline,fp64/fp32,inconclusive_diagnostics,,,,,,,,,2718,,,log_psd_0,,,,,,,,,,,,,,0.04964566368111558,-0.1648823201458141,0.1913372256451969,0.026643722268784788,0.9219348415098638,0.5853131339438918,1.4521523654572484,,,,,,
pilot_comparison,spline,fp64/fp32,inconclusive_diagnostics,,,,,,,,,2718,,,log_psd_48,,,,,,,,,,,,,,-0.17837132785023466,-0.07888950288770963,0.046393859911790625,0.00910898723678371,1.1309213159532985,0.7648817164066928,1.6721317759901797,,,,,,
pilot_comparison,spline,fp64/fp32,inconclusive_diagnostics,,,,,,,,,2718,,,log_psd_95,,,,,,,,,,,,,,0.25267585210749005,-0.004238053979877664,0.08116048658826916,0.015221563906246996,1.084938503517394,0.8967862941441904,1.312566398595408,,,,,,
pilot_comparison,spline,fp64/fp32,inconclusive_diagnostics,,,,,,,,,2718,,,band_power,,,,,,,,,,,,,,-0.09954377741869781,-0.022190822795204283,0.0101540131221644,0.006045987999034357,1.0311566750762102,0.8523277100070381,1.2475061834437424,,,,,,
pilot_comparison,spline,fp64/fp32,inconclusive_diagnostics,,,,,,,,,2718,,,sigma,,,,,,,,,,,,,,-0.12123534438013008,-0.029073800822765436,0.01708445550914564,0.004944657589303139,0.9745594266259422,0.4667973462205418,2.0346432637531775,,,,,,
pilot_comparison,spline,fp64/fp32,inconclusive_diagnostics,,,,,,,,,2719,,,log_psd_0,,,,,,,,,,,,,,0.23443499888709493,-0.002851250533496906,0.0661798315806649,0.013506639654445826,0.8419270746309803,0.5805671825054582,1.2209460340793823,,,,,,
pilot_comparison,spline,fp64/fp32,inconclusive_diagnostics,,,,,,,,,2719,,,log_psd_48,,,,,,,,,,,,,,0.10117259215605777,-0.0018320797082943957,0.012728866385035495,0.005385246361945985,0.9898877166456863,0.8863440970420503,1.105527407285844,,,,,,
pilot_comparison,spline,fp64/fp32,inconclusive_diagnostics,,,,,,,,,2719,,,log_psd_95,,,,,,,,,,,,,,-0.0717397521383543,-0.02464199469384722,0.009020396930777625,0.010887685904561274,0.9684547965183632,0.8552833770698199,1.0966011009271137,,,,,,
pilot_comparison,spline,fp64/fp32,inconclusive_diagnostics,,,,,,,,,2719,,,band_power,,,,,,,,,,,,,,0.13049883543282062,-0.0010113193660535244,0.01544932876720511,0.0055318537338917935,1.0747812990362386,0.9696995004098519,1.191250320609414,,,,,,
pilot_comparison,spline,fp64/fp32,inconclusive_diagnostics,,,,,,,,,2719,,,sigma,,,,,,,,,,,,,,-0.19102330573522794,-0.016390171303680593,0.00685031720012854,0.002497039318536079,0.4522761046119524,0.02439948901747657,8.383522894944498,,,,,,
pilot_comparison,spline,fp64/fp32,inconclusive_diagnostics,,,,,,,,,2720,,,log_psd_0,,,,,,,,,,,,,,-0.1309903223359447,-0.1515246922266847,0.09742196768528538,0.020651420492975275,0.8791668261482236,0.5492942511281126,1.4071407203190782,,,,,,
pilot_comparison,spline,fp64/fp32,inconclusive_diagnostics,,,,,,,,,2720,,,log_psd_48,,,,,,,,,,,,,,-0.3759718624258149,-0.13583096541621018,0.06900697301759795,0.008886834239064586,1.115440088966061,0.5770865878659187,2.1560137044143106,,,,,,
pilot_comparison,spline,fp64/fp32,inconclusive_diagnostics,,,,,,,,,2720,,,log_psd_95,,,,,,,,,,,,,,-0.28760902872771205,-0.31980120424584035,0.1823549584315036,0.02389463335388911,0.9828324907321009,0.46741838251038964,2.0665847578581147,,,,,,
pilot_comparison,spline,fp64/fp32,inconclusive_diagnostics,,,,,,,,,2720,,,band_power,,,,,,,,,,,,,,-0.6682789821981844,-0.15233734709460334,0.07468153553445933,0.0058101342125641215,1.4951516367656938,0.7460362104185116,2.9964744146521705,,,,,,
pilot_comparison,spline,fp64/fp32,inconclusive_diagnostics,,,,,,,,,2720,,,sigma,,,,,,,,,,,,,,-0.35565424873878637,-0.11990341848417027,0.06731130900888124,0.007393713088173425,1.138371554826842,0.29643931532601675,4.371517979704189,,,,,,
pilot_comparison,spline,fp64/fp32,inconclusive_diagnostics,,,,,,,,,2721,,,log_psd_0,,,,,,,,,,,,,,-0.004112914492832037,-0.02040967563162584,0.019521555186183443,0.010796728779436195,0.8945295838816094,0.7712813285066822,1.037472510826473,,,,,,
pilot_comparison,spline,fp64/fp32,inconclusive_diagnostics,,,,,,,,,2721,,,log_psd_48,,,,,,,,,,,,,,-0.04029036760468214,-0.011717085904101105,0.0072135567638140115,0.005588840966250876,0.8638680721014813,0.7508155995076562,0.9939431819020434,,,,,,
pilot_comparison,spline,fp64/fp32,inconclusive_diagnostics,,,,,,,,,2721,,,log_psd_95,,,,,,,,,,,,,,-0.1013059266418002,-0.029507462432606338,0.007178629143374485,0.011020497037741262,0.889644051525499,0.7708687601749086,1.0267202140026046,,,,,,
pilot_comparison,spline,fp64/fp32,inconclusive_diagnostics,,,,,,,,,2721,,,band_power,,,,,,,,,,,,,,-0.07725010910488415,-0.014098344296001476,0.005787072311096476,0.005379456470165373,0.8923039226552716,0.7709925933997318,1.0327029042848155,,,,,,
pilot_comparison,spline,fp64/fp32,inconclusive_diagnostics,,,,,,,,,2721,,,sigma,,,,,,,,,,,,,,-0.18250345313567062,-0.006583236345588003,0.0017937691436933382,0.0013121579673164427,0.43956446349643463,0.07559941470935375,2.5557991197649064,,,,,,
pilot_comparison,spline,fp64/fp32,inconclusive_diagnostics,,,,,,,,,2722,,,log_psd_0,,,,,,,,,,,,,,0.06930744666006461,-0.13517111336526888,0.16902174671765113,0.02442063225789503,0.8403670668227029,0.3590786260019795,1.9667469903828252,,,,,,
pilot_comparison,spline,fp64/fp32,inconclusive_diagnostics,,,,,,,,,2722,,,log_psd_48,,,,,,,,,,,,,,0.019271904223354095,-0.009914368904306395,0.012339201642194217,0.006291108314427381,0.8872200271922815,0.7308115984849409,1.0771030157197115,,,,,,
pilot_comparison,spline,fp64/fp32,inconclusive_diagnostics,,,,,,,,,2722,,,log_psd_95,,,,,,,,,,,,,,-0.09797264453250902,-0.06697986877254997,0.037195123877801495,0.015200541455663873,0.8124788809091037,0.5400672520518847,1.2222957963388812,,,,,,
pilot_comparison,spline,fp64/fp32,inconclusive_diagnostics,,,,,,,,,2722,,,band_power,,,,,,,,,,,,,,-0.08283377955016998,-0.014529346354000014,0.0047998388084356716,0.005872910543500836,0.8652192760644296,0.7461395621657847,1.003303448352901,,,,,,
pilot_comparison,spline,fp64/fp32,inconclusive_diagnostics,,,,,,,,,2722,,,sigma,,,,,,,,,,,,,,-0.12982353448235504,-0.05189676618177312,0.036856746330824655,0.005792485896689488,0.8345714984163414,0.14272041111457076,4.880238085985927,,,,,,
pilot_comparison,spline,fp64/fp64,inconclusive_diagnostics,,,,,,,,,2718,,,log_psd_0,,,,,,,,,,,,,,-0.09778826996686968,-0.18634054373152023,0.13423167360867574,0.026643722268784788,0.9679414227695028,0.6578676332447234,1.42416278072845,,,,,,
pilot_comparison,spline,fp64/fp64,inconclusive_diagnostics,,,,,,,,,2718,,,log_psd_48,,,,,,,,,,,,,,0.01310587012858675,-0.043179416401673214,0.045567040476238045,0.00910898723678371,1.0784883477809155,0.7890688999647413,1.4740628053534777,,,,,,
pilot_comparison,spline,fp64/fp64,inconclusive_diagnostics,,,,,,,,,2718,,,log_psd_95,,,,,,,,,,,,,,0.21374347206889407,-0.009357250982471366,0.07442744937526719,0.015221563906246996,1.1245230621631064,0.925897040225857,1.3657588936975362,,,,,,
pilot_comparison,spline,fp64/fp64,inconclusive_diagnostics,,,,,,,,,2718,,,band_power,,,,,,,,,,,,,,-0.02389927793959189,-0.010511150034324413,0.007621255082157231,0.006045987999034357,1.0510247151174001,0.9444461355857888,1.169630442822931,,,,,,
pilot_comparison,spline,fp64/fp64,inconclusive_diagnostics,,,,,,,,,2718,,,sigma,,,,,,,,,,,,,,0.05644175037756997,-0.01784425291496112,0.02342595550212121,0.004944657589303139,1.095304619698864,0.517882048555686,2.3165356151646463,,,,,,
analytic,constant,fp64,,,,,,,,,,,0,10000,log_spectrum,0,0,0.26220776806694757,0.28790204885609166,1.0001079185636939,6974.542425416342,6515.832364687071,0.003465139532691891,0.0025362748169585475,-0.18270080727010954,0.7627577440645968,0.26538852112639777,0.29479123608372143,,,,,,,,,,,,,
analytic,constant,fp64,,,,,,,,,,,0,10000,spectrum,0,0,1.3562823388659082,0.41562533196806184,1.000121535119661,6974.542425416342,6515.832364687071,0.00512992000490893,0.005773280933126157,0.8330173524470036,2.1441811775098754,1.3636363636363635,0.4312196809320517,,,,,,,,,,,,,
analytic,constant,fp32,,,,,,,,,,,1,10010,log_spectrum,0,0,0.2655852365383495,0.3001417564218738,1.0002275382451646,6550.959331130946,6589.1418416387205,0.0037060379212540038,0.0027714880213712363,-0.20136804205662995,0.7740362093773282,0.26538852112639777,0.29479123608372143,,,,,,,,,,,,,
analytic,constant,fp32,,,,,,,,,,,1,10010,spectrum,0,0,1.366325341579318,0.44289892644968704,1.0002275382451646,6550.959331130946,6589.1418416387205,0.005566271890847934,0.007227390397779235,0.8176114618778229,2.168501138687134,1.3636363636363635,0.4312196809320517,,,,,,,,,,,,,
analytic_comparison,constant,fp64/fp32,inconclusive,,,,,,,,,,,,log_spectrum,,,,,,,,,,,,,,0.011731310995602347,-0.00929501115078362,0.016049948093587445,0.02879020488560917,1.0425134437716357,1.0098062091400122,1.0762800531501815,,,,,,
analytic_comparison,constant,fp64/fp32,inconclusive,,,,,,,,,,,,spectrum,,,,,,,,,,,,,,0.024163596251109844,-0.008863730581548625,0.028949736008368112,0.04156253319680619,1.0656206260395145,1.0100824502124317,1.1242125020606273,,,,,,
tuning,spline,fp64,inconclusive_diagnostics,,,,,,,,,2718,,20000,,23,1221,,,1.068423844677879,45.21009368030474,,,,,,,,,,,,,,,,,,,,
timing_constant,constant,fp64,,,,,,,,,,,,,,,,,,,,,,,,,,,,,,,,,,4.342920146882534e-06,1.0832958749961108,1340.6948101393245,643547136,8,32000
tuning,spline,fp32,inconclusive_diagnostics,,,,,,,,,2718,,20010,,22,1734,,,1.232472610235657,13.164798829890938,,,,,,,,,,,,,,,,,,,,
timing_constant,constant,fp32,,,,,,,,,,,,,,,,,,,,,,,,,,,,,,,,,,4.121669917367399e-06,1.0273003749898635,1134.0035445546177,652148736,4,16000
